Sample,Target,TargetGroup,Compound,SMILES,ChemGroup,Assay,AssayType,Endpoint,QC,Outcome
A_xray_01,A,family_A,L01,CC,G1,A_xray,xray,hit,pass,Inactive
A_xray_02,A,family_A,L02,CCC,G1,A_xray,xray,hit,pass,Active
A_xray_03,A,family_A,L03,CO,G2,A_xray,xray,hit,pass,Inactive
A_xray_04,A,family_A,L04,CCO,G2,A_xray,xray,hit,pass,Active
A_xray_05,A,family_A,L05,CN,G3,A_xray,xray,hit,pass,Inactive
A_xray_06,A,family_A,L06,CCN,G3,A_xray,xray,hit,pass,Active
A_xray_07,A,family_A,L07,C1CC1,G4,A_xray,xray,hit,pass,Inactive
A_xray_08,A,family_A,L08,C1CCC1,G4,A_xray,xray,hit,pass,Active
A_xray_09,A,family_A,L09,c1ccccc1,G5,A_xray,xray,hit,pass,Inactive
A_xray_10,A,family_A,L10,Cc1ccccc1,G5,A_xray,xray,hit,pass,Active
A_xray_11,A,family_A,L11,CC(=O)O,G6,A_xray,xray,hit,pass,Inactive
A_xray_12,A,family_A,L12,CCC(=O)O,G6,A_xray,xray,hit,pass,Active
A_biochemical_01,A,family_A,L01,CC,G1,A_biochemical,biochemical,inhibition,pass,Inactive
A_biochemical_02,A,family_A,L02,CCC,G1,A_biochemical,biochemical,inhibition,pass,Active
A_biochemical_03,A,family_A,L03,CO,G2,A_biochemical,biochemical,inhibition,pass,Inactive
A_biochemical_04,A,family_A,L04,CCO,G2,A_biochemical,biochemical,inhibition,pass,Active
A_biochemical_05,A,family_A,L05,CN,G3,A_biochemical,biochemical,inhibition,pass,Inactive
A_biochemical_06,A,family_A,L06,CCN,G3,A_biochemical,biochemical,inhibition,pass,Active
A_biochemical_07,A,family_A,L07,C1CC1,G4,A_biochemical,biochemical,inhibition,pass,Inactive
A_biochemical_08,A,family_A,L08,C1CCC1,G4,A_biochemical,biochemical,inhibition,pass,Active
A_biochemical_09,A,family_A,L09,c1ccccc1,G5,A_biochemical,biochemical,inhibition,pass,Inactive
A_biochemical_10,A,family_A,L10,Cc1ccccc1,G5,A_biochemical,biochemical,inhibition,pass,Active
A_biochemical_11,A,family_A,L11,CC(=O)O,G6,A_biochemical,biochemical,inhibition,pass,Inactive
A_biochemical_12,A,family_A,L12,CCC(=O)O,G6,A_biochemical,biochemical,inhibition,pass,Active
B_xray_01,B,family_B,L01,CC,G1,B_xray,xray,hit,pass,Inactive
B_xray_02,B,family_B,L02,CCC,G1,B_xray,xray,hit,pass,Active
B_xray_03,B,family_B,L03,CO,G2,B_xray,xray,hit,pass,Inactive
B_xray_04,B,family_B,L04,CCO,G2,B_xray,xray,hit,pass,Active
B_xray_05,B,family_B,L05,CN,G3,B_xray,xray,hit,pass,Inactive
B_xray_06,B,family_B,L06,CCN,G3,B_xray,xray,hit,pass,Active
B_xray_07,B,family_B,L07,C1CC1,G4,B_xray,xray,hit,pass,Inactive
B_xray_08,B,family_B,L08,C1CCC1,G4,B_xray,xray,hit,pass,Active
B_xray_09,B,family_B,L09,c1ccccc1,G5,B_xray,xray,hit,pass,Inactive
B_xray_10,B,family_B,L10,Cc1ccccc1,G5,B_xray,xray,hit,pass,Active
B_xray_11,B,family_B,L11,CC(=O)O,G6,B_xray,xray,hit,pass,Inactive
B_xray_12,B,family_B,L12,CCC(=O)O,G6,B_xray,xray,hit,pass,Active
B_biochemical_01,B,family_B,L01,CC,G1,B_biochemical,biochemical,inhibition,pass,Inactive
B_biochemical_02,B,family_B,L02,CCC,G1,B_biochemical,biochemical,inhibition,pass,Active
B_biochemical_03,B,family_B,L03,CO,G2,B_biochemical,biochemical,inhibition,pass,Inactive
B_biochemical_04,B,family_B,L04,CCO,G2,B_biochemical,biochemical,inhibition,pass,Active
B_biochemical_05,B,family_B,L05,CN,G3,B_biochemical,biochemical,inhibition,pass,Inactive
B_biochemical_06,B,family_B,L06,CCN,G3,B_biochemical,biochemical,inhibition,pass,Active
B_biochemical_07,B,family_B,L07,C1CC1,G4,B_biochemical,biochemical,inhibition,pass,Inactive
B_biochemical_08,B,family_B,L08,C1CCC1,G4,B_biochemical,biochemical,inhibition,pass,Active
B_biochemical_09,B,family_B,L09,c1ccccc1,G5,B_biochemical,biochemical,inhibition,pass,Inactive
B_biochemical_10,B,family_B,L10,Cc1ccccc1,G5,B_biochemical,biochemical,inhibition,pass,Active
B_biochemical_11,B,family_B,L11,CC(=O)O,G6,B_biochemical,biochemical,inhibition,pass,Inactive
B_biochemical_12,B,family_B,L12,CCC(=O)O,G6,B_biochemical,biochemical,inhibition,pass,Active
C_xray_01,C,family_C,L01,CC,G1,C_xray,xray,hit,pass,Inactive
C_xray_02,C,family_C,L02,CCC,G1,C_xray,xray,hit,pass,Active
C_xray_03,C,family_C,L03,CO,G2,C_xray,xray,hit,pass,Inactive
C_xray_04,C,family_C,L04,CCO,G2,C_xray,xray,hit,pass,Active
C_xray_05,C,family_C,L05,CN,G3,C_xray,xray,hit,pass,Inactive
C_xray_06,C,family_C,L06,CCN,G3,C_xray,xray,hit,pass,Active
C_xray_07,C,family_C,L07,C1CC1,G4,C_xray,xray,hit,pass,Inactive
C_xray_08,C,family_C,L08,C1CCC1,G4,C_xray,xray,hit,pass,Active
C_xray_09,C,family_C,L09,c1ccccc1,G5,C_xray,xray,hit,pass,Inactive
C_xray_10,C,family_C,L10,Cc1ccccc1,G5,C_xray,xray,hit,pass,Active
C_xray_11,C,family_C,L11,CC(=O)O,G6,C_xray,xray,hit,pass,Inactive
C_xray_12,C,family_C,L12,CCC(=O)O,G6,C_xray,xray,hit,pass,Active
C_biochemical_01,C,family_C,L01,CC,G1,C_biochemical,biochemical,inhibition,pass,Inactive
C_biochemical_02,C,family_C,L02,CCC,G1,C_biochemical,biochemical,inhibition,pass,Active
C_biochemical_03,C,family_C,L03,CO,G2,C_biochemical,biochemical,inhibition,pass,Inactive
C_biochemical_04,C,family_C,L04,CCO,G2,C_biochemical,biochemical,inhibition,pass,Active
C_biochemical_05,C,family_C,L05,CN,G3,C_biochemical,biochemical,inhibition,pass,Inactive
C_biochemical_06,C,family_C,L06,CCN,G3,C_biochemical,biochemical,inhibition,pass,Active
C_biochemical_07,C,family_C,L07,C1CC1,G4,C_biochemical,biochemical,inhibition,pass,Inactive
C_biochemical_08,C,family_C,L08,C1CCC1,G4,C_biochemical,biochemical,inhibition,pass,Active
C_biochemical_09,C,family_C,L09,c1ccccc1,G5,C_biochemical,biochemical,inhibition,pass,Inactive
C_biochemical_10,C,family_C,L10,Cc1ccccc1,G5,C_biochemical,biochemical,inhibition,pass,Active
C_biochemical_11,C,family_C,L11,CC(=O)O,G6,C_biochemical,biochemical,inhibition,pass,Inactive
C_biochemical_12,C,family_C,L12,CCC(=O)O,G6,C_biochemical,biochemical,inhibition,pass,Active
D_xray_01,D,family_D,L01,CC,G1,D_xray,xray,hit,pass,Inactive
D_xray_02,D,family_D,L02,CCC,G1,D_xray,xray,hit,pass,Active
D_xray_03,D,family_D,L03,CO,G2,D_xray,xray,hit,pass,Inactive
D_xray_04,D,family_D,L04,CCO,G2,D_xray,xray,hit,pass,Active
D_xray_05,D,family_D,L05,CN,G3,D_xray,xray,hit,pass,Inactive
D_xray_06,D,family_D,L06,CCN,G3,D_xray,xray,hit,pass,Active
D_xray_07,D,family_D,L07,C1CC1,G4,D_xray,xray,hit,pass,Inactive
D_xray_08,D,family_D,L08,C1CCC1,G4,D_xray,xray,hit,pass,Active
D_xray_09,D,family_D,L09,c1ccccc1,G5,D_xray,xray,hit,pass,Inactive
D_xray_10,D,family_D,L10,Cc1ccccc1,G5,D_xray,xray,hit,pass,Active
D_xray_11,D,family_D,L11,CC(=O)O,G6,D_xray,xray,hit,pass,Inactive
D_xray_12,D,family_D,L12,CCC(=O)O,G6,D_xray,xray,hit,pass,Active
D_biochemical_01,D,family_D,L01,CC,G1,D_biochemical,biochemical,inhibition,pass,Inactive
D_biochemical_02,D,family_D,L02,CCC,G1,D_biochemical,biochemical,inhibition,pass,Active
D_biochemical_03,D,family_D,L03,CO,G2,D_biochemical,biochemical,inhibition,pass,Inactive
D_biochemical_04,D,family_D,L04,CCO,G2,D_biochemical,biochemical,inhibition,pass,Active
D_biochemical_05,D,family_D,L05,CN,G3,D_biochemical,biochemical,inhibition,pass,Inactive
D_biochemical_06,D,family_D,L06,CCN,G3,D_biochemical,biochemical,inhibition,pass,Active
D_biochemical_07,D,family_D,L07,C1CC1,G4,D_biochemical,biochemical,inhibition,pass,Inactive
D_biochemical_08,D,family_D,L08,C1CCC1,G4,D_biochemical,biochemical,inhibition,pass,Active
D_biochemical_09,D,family_D,L09,c1ccccc1,G5,D_biochemical,biochemical,inhibition,pass,Inactive
D_biochemical_10,D,family_D,L10,Cc1ccccc1,G5,D_biochemical,biochemical,inhibition,pass,Active
D_biochemical_11,D,family_D,L11,CC(=O)O,G6,D_biochemical,biochemical,inhibition,pass,Inactive
D_biochemical_12,D,family_D,L12,CCC(=O)O,G6,D_biochemical,biochemical,inhibition,pass,Active
E_xray_01,E,family_E,L01,CC,G1,E_xray,xray,hit,pass,Inactive
E_xray_02,E,family_E,L02,CCC,G1,E_xray,xray,hit,pass,Active
E_xray_03,E,family_E,L03,CO,G2,E_xray,xray,hit,pass,Inactive
E_xray_04,E,family_E,L04,CCO,G2,E_xray,xray,hit,pass,Active
E_xray_05,E,family_E,L05,CN,G3,E_xray,xray,hit,pass,Inactive
E_xray_06,E,family_E,L06,CCN,G3,E_xray,xray,hit,pass,Active
E_xray_07,E,family_E,L07,C1CC1,G4,E_xray,xray,hit,pass,Inactive
E_xray_08,E,family_E,L08,C1CCC1,G4,E_xray,xray,hit,pass,Active
E_xray_09,E,family_E,L09,c1ccccc1,G5,E_xray,xray,hit,pass,Inactive
E_xray_10,E,family_E,L10,Cc1ccccc1,G5,E_xray,xray,hit,pass,Active
E_xray_11,E,family_E,L11,CC(=O)O,G6,E_xray,xray,hit,pass,Inactive
E_xray_12,E,family_E,L12,CCC(=O)O,G6,E_xray,xray,hit,pass,Active
E_biochemical_01,E,family_E,L01,CC,G1,E_biochemical,biochemical,inhibition,pass,Inactive
E_biochemical_02,E,family_E,L02,CCC,G1,E_biochemical,biochemical,inhibition,pass,Active
E_biochemical_03,E,family_E,L03,CO,G2,E_biochemical,biochemical,inhibition,pass,Inactive
E_biochemical_04,E,family_E,L04,CCO,G2,E_biochemical,biochemical,inhibition,pass,Active
E_biochemical_05,E,family_E,L05,CN,G3,E_biochemical,biochemical,inhibition,pass,Inactive
E_biochemical_06,E,family_E,L06,CCN,G3,E_biochemical,biochemical,inhibition,pass,Active
E_biochemical_07,E,family_E,L07,C1CC1,G4,E_biochemical,biochemical,inhibition,pass,Inactive
E_biochemical_08,E,family_E,L08,C1CCC1,G4,E_biochemical,biochemical,inhibition,pass,Active
E_biochemical_09,E,family_E,L09,c1ccccc1,G5,E_biochemical,biochemical,inhibition,pass,Inactive
E_biochemical_10,E,family_E,L10,Cc1ccccc1,G5,E_biochemical,biochemical,inhibition,pass,Active
E_biochemical_11,E,family_E,L11,CC(=O)O,G6,E_biochemical,biochemical,inhibition,pass,Inactive
E_biochemical_12,E,family_E,L12,CCC(=O)O,G6,E_biochemical,biochemical,inhibition,pass,Active
F_xray_01,F,family_F,L01,CC,G1,F_xray,xray,hit,pass,Inactive
F_xray_02,F,family_F,L02,CCC,G1,F_xray,xray,hit,pass,Active
F_xray_03,F,family_F,L03,CO,G2,F_xray,xray,hit,pass,Inactive
F_xray_04,F,family_F,L04,CCO,G2,F_xray,xray,hit,pass,Active
F_xray_05,F,family_F,L05,CN,G3,F_xray,xray,hit,pass,Inactive
F_xray_06,F,family_F,L06,CCN,G3,F_xray,xray,hit,pass,Active
F_xray_07,F,family_F,L07,C1CC1,G4,F_xray,xray,hit,pass,Inactive
F_xray_08,F,family_F,L08,C1CCC1,G4,F_xray,xray,hit,pass,Active
F_xray_09,F,family_F,L09,c1ccccc1,G5,F_xray,xray,hit,pass,Inactive
F_xray_10,F,family_F,L10,Cc1ccccc1,G5,F_xray,xray,hit,pass,Active
F_xray_11,F,family_F,L11,CC(=O)O,G6,F_xray,xray,hit,pass,Inactive
F_xray_12,F,family_F,L12,CCC(=O)O,G6,F_xray,xray,hit,pass,Active
F_biochemical_01,F,family_F,L01,CC,G1,F_biochemical,biochemical,inhibition,pass,Inactive
F_biochemical_02,F,family_F,L02,CCC,G1,F_biochemical,biochemical,inhibition,pass,Active
F_biochemical_03,F,family_F,L03,CO,G2,F_biochemical,biochemical,inhibition,pass,Inactive
F_biochemical_04,F,family_F,L04,CCO,G2,F_biochemical,biochemical,inhibition,pass,Active
F_biochemical_05,F,family_F,L05,CN,G3,F_biochemical,biochemical,inhibition,pass,Inactive
F_biochemical_06,F,family_F,L06,CCN,G3,F_biochemical,biochemical,inhibition,pass,Active
F_biochemical_07,F,family_F,L07,C1CC1,G4,F_biochemical,biochemical,inhibition,pass,Inactive
F_biochemical_08,F,family_F,L08,C1CCC1,G4,F_biochemical,biochemical,inhibition,pass,Active
F_biochemical_09,F,family_F,L09,c1ccccc1,G5,F_biochemical,biochemical,inhibition,pass,Inactive
F_biochemical_10,F,family_F,L10,Cc1ccccc1,G5,F_biochemical,biochemical,inhibition,pass,Active
F_biochemical_11,F,family_F,L11,CC(=O)O,G6,F_biochemical,biochemical,inhibition,pass,Inactive
F_biochemical_12,F,family_F,L12,CCC(=O)O,G6,F_biochemical,biochemical,inhibition,pass,Active
A_failed,A,family_A,L01,CC,G1,A_xray,xray,hit,fail,Inactive
A_uncertain,A,family_A,L01,CC,G1,A_xray,xray,hit,pass,Inconclusive
A_phenotype,A,family_A,L01,CC,G1,A_cell,phenotypic,viability,pass,Inactive
