sample_id,target_id,ligand_id,smiles,chem_group,label,split,structure_id,protein_chain_id,ligand_chain_id,target_group,assay_id,assay_type,endpoint,campaign_id,source,source_url,quality,weight,concentration,concentration_unit,measurement_value,measurement_relation,measurement_unit,split_strategy
A_xray_01,A,L01,CC,G1,0,train,,,,family_A,A_xray,xray,hit,demo_2026,fictional_demo,https://example.org/fictional-screen,pass,1,10,mM,,,,chemistry
A_xray_02,A,L02,CCC,G1,1,train,,,,family_A,A_xray,xray,hit,demo_2026,fictional_demo,https://example.org/fictional-screen,pass,1,10,mM,,,,chemistry
A_xray_03,A,L03,CO,G2,0,test,,,,family_A,A_xray,xray,hit,demo_2026,fictional_demo,https://example.org/fictional-screen,pass,1,10,mM,,,,chemistry
A_xray_04,A,L04,CCO,G2,1,test,,,,family_A,A_xray,xray,hit,demo_2026,fictional_demo,https://example.org/fictional-screen,pass,1,10,mM,,,,chemistry
A_xray_05,A,L05,CN,G3,0,train,,,,family_A,A_xray,xray,hit,demo_2026,fictional_demo,https://example.org/fictional-screen,pass,1,10,mM,,,,chemistry
A_xray_06,A,L06,CCN,G3,1,train,,,,family_A,A_xray,xray,hit,demo_2026,fictional_demo,https://example.org/fictional-screen,pass,1,10,mM,,,,chemistry
A_xray_07,A,L07,C1CC1,G4,0,val,,,,family_A,A_xray,xray,hit,demo_2026,fictional_demo,https://example.org/fictional-screen,pass,1,10,mM,,,,chemistry
A_xray_08,A,L08,C1CCC1,G4,1,val,,,,family_A,A_xray,xray,hit,demo_2026,fictional_demo,https://example.org/fictional-screen,pass,1,10,mM,,,,chemistry
A_xray_09,A,L09,c1ccccc1,G5,0,train,,,,family_A,A_xray,xray,hit,demo_2026,fictional_demo,https://example.org/fictional-screen,pass,1,10,mM,,,,chemistry
A_xray_10,A,L10,Cc1ccccc1,G5,1,train,,,,family_A,A_xray,xray,hit,demo_2026,fictional_demo,https://example.org/fictional-screen,pass,1,10,mM,,,,chemistry
A_xray_11,A,L11,CC(=O)O,G6,0,train,,,,family_A,A_xray,xray,hit,demo_2026,fictional_demo,https://example.org/fictional-screen,pass,1,10,mM,,,,chemistry
A_xray_12,A,L12,CCC(=O)O,G6,1,train,,,,family_A,A_xray,xray,hit,demo_2026,fictional_demo,https://example.org/fictional-screen,pass,1,10,mM,,,,chemistry
A_biochemical_01,A,L01,CC,G1,0,train,,,,family_A,A_biochemical,biochemical,inhibition,demo_2026,fictional_demo,https://example.org/fictional-screen,pass,1,10,mM,,,,chemistry
A_biochemical_02,A,L02,CCC,G1,1,train,,,,family_A,A_biochemical,biochemical,inhibition,demo_2026,fictional_demo,https://example.org/fictional-screen,pass,1,10,mM,,,,chemistry
A_biochemical_03,A,L03,CO,G2,0,test,,,,family_A,A_biochemical,biochemical,inhibition,demo_2026,fictional_demo,https://example.org/fictional-screen,pass,1,10,mM,,,,chemistry
A_biochemical_04,A,L04,CCO,G2,1,test,,,,family_A,A_biochemical,biochemical,inhibition,demo_2026,fictional_demo,https://example.org/fictional-screen,pass,1,10,mM,,,,chemistry
A_biochemical_05,A,L05,CN,G3,0,train,,,,family_A,A_biochemical,biochemical,inhibition,demo_2026,fictional_demo,https://example.org/fictional-screen,pass,1,10,mM,,,,chemistry
A_biochemical_06,A,L06,CCN,G3,1,train,,,,family_A,A_biochemical,biochemical,inhibition,demo_2026,fictional_demo,https://example.org/fictional-screen,pass,1,10,mM,,,,chemistry
A_biochemical_07,A,L07,C1CC1,G4,0,val,,,,family_A,A_biochemical,biochemical,inhibition,demo_2026,fictional_demo,https://example.org/fictional-screen,pass,1,10,mM,,,,chemistry
A_biochemical_08,A,L08,C1CCC1,G4,1,val,,,,family_A,A_biochemical,biochemical,inhibition,demo_2026,fictional_demo,https://example.org/fictional-screen,pass,1,10,mM,,,,chemistry
A_biochemical_09,A,L09,c1ccccc1,G5,0,train,,,,family_A,A_biochemical,biochemical,inhibition,demo_2026,fictional_demo,https://example.org/fictional-screen,pass,1,10,mM,,,,chemistry
A_biochemical_10,A,L10,Cc1ccccc1,G5,1,train,,,,family_A,A_biochemical,biochemical,inhibition,demo_2026,fictional_demo,https://example.org/fictional-screen,pass,1,10,mM,,,,chemistry
A_biochemical_11,A,L11,CC(=O)O,G6,0,train,,,,family_A,A_biochemical,biochemical,inhibition,demo_2026,fictional_demo,https://example.org/fictional-screen,pass,1,10,mM,,,,chemistry
A_biochemical_12,A,L12,CCC(=O)O,G6,1,train,,,,family_A,A_biochemical,biochemical,inhibition,demo_2026,fictional_demo,https://example.org/fictional-screen,pass,1,10,mM,,,,chemistry
B_xray_01,B,L01,CC,G1,0,train,,,,family_B,B_xray,xray,hit,demo_2026,fictional_demo,https://example.org/fictional-screen,pass,1,10,mM,,,,chemistry
B_xray_02,B,L02,CCC,G1,1,train,,,,family_B,B_xray,xray,hit,demo_2026,fictional_demo,https://example.org/fictional-screen,pass,1,10,mM,,,,chemistry
B_xray_03,B,L03,CO,G2,0,test,,,,family_B,B_xray,xray,hit,demo_2026,fictional_demo,https://example.org/fictional-screen,pass,1,10,mM,,,,chemistry
B_xray_04,B,L04,CCO,G2,1,test,,,,family_B,B_xray,xray,hit,demo_2026,fictional_demo,https://example.org/fictional-screen,pass,1,10,mM,,,,chemistry
B_xray_05,B,L05,CN,G3,0,train,,,,family_B,B_xray,xray,hit,demo_2026,fictional_demo,https://example.org/fictional-screen,pass,1,10,mM,,,,chemistry
B_xray_06,B,L06,CCN,G3,1,train,,,,family_B,B_xray,xray,hit,demo_2026,fictional_demo,https://example.org/fictional-screen,pass,1,10,mM,,,,chemistry
B_xray_07,B,L07,C1CC1,G4,0,val,,,,family_B,B_xray,xray,hit,demo_2026,fictional_demo,https://example.org/fictional-screen,pass,1,10,mM,,,,chemistry
B_xray_08,B,L08,C1CCC1,G4,1,val,,,,family_B,B_xray,xray,hit,demo_2026,fictional_demo,https://example.org/fictional-screen,pass,1,10,mM,,,,chemistry
B_xray_09,B,L09,c1ccccc1,G5,0,train,,,,family_B,B_xray,xray,hit,demo_2026,fictional_demo,https://example.org/fictional-screen,pass,1,10,mM,,,,chemistry
B_xray_10,B,L10,Cc1ccccc1,G5,1,train,,,,family_B,B_xray,xray,hit,demo_2026,fictional_demo,https://example.org/fictional-screen,pass,1,10,mM,,,,chemistry
B_xray_11,B,L11,CC(=O)O,G6,0,train,,,,family_B,B_xray,xray,hit,demo_2026,fictional_demo,https://example.org/fictional-screen,pass,1,10,mM,,,,chemistry
B_xray_12,B,L12,CCC(=O)O,G6,1,train,,,,family_B,B_xray,xray,hit,demo_2026,fictional_demo,https://example.org/fictional-screen,pass,1,10,mM,,,,chemistry
B_biochemical_01,B,L01,CC,G1,0,train,,,,family_B,B_biochemical,biochemical,inhibition,demo_2026,fictional_demo,https://example.org/fictional-screen,pass,1,10,mM,,,,chemistry
B_biochemical_02,B,L02,CCC,G1,1,train,,,,family_B,B_biochemical,biochemical,inhibition,demo_2026,fictional_demo,https://example.org/fictional-screen,pass,1,10,mM,,,,chemistry
B_biochemical_03,B,L03,CO,G2,0,test,,,,family_B,B_biochemical,biochemical,inhibition,demo_2026,fictional_demo,https://example.org/fictional-screen,pass,1,10,mM,,,,chemistry
B_biochemical_04,B,L04,CCO,G2,1,test,,,,family_B,B_biochemical,biochemical,inhibition,demo_2026,fictional_demo,https://example.org/fictional-screen,pass,1,10,mM,,,,chemistry
B_biochemical_05,B,L05,CN,G3,0,train,,,,family_B,B_biochemical,biochemical,inhibition,demo_2026,fictional_demo,https://example.org/fictional-screen,pass,1,10,mM,,,,chemistry
B_biochemical_06,B,L06,CCN,G3,1,train,,,,family_B,B_biochemical,biochemical,inhibition,demo_2026,fictional_demo,https://example.org/fictional-screen,pass,1,10,mM,,,,chemistry
B_biochemical_07,B,L07,C1CC1,G4,0,val,,,,family_B,B_biochemical,biochemical,inhibition,demo_2026,fictional_demo,https://example.org/fictional-screen,pass,1,10,mM,,,,chemistry
B_biochemical_08,B,L08,C1CCC1,G4,1,val,,,,family_B,B_biochemical,biochemical,inhibition,demo_2026,fictional_demo,https://example.org/fictional-screen,pass,1,10,mM,,,,chemistry
B_biochemical_09,B,L09,c1ccccc1,G5,0,train,,,,family_B,B_biochemical,biochemical,inhibition,demo_2026,fictional_demo,https://example.org/fictional-screen,pass,1,10,mM,,,,chemistry
B_biochemical_10,B,L10,Cc1ccccc1,G5,1,train,,,,family_B,B_biochemical,biochemical,inhibition,demo_2026,fictional_demo,https://example.org/fictional-screen,pass,1,10,mM,,,,chemistry
B_biochemical_11,B,L11,CC(=O)O,G6,0,train,,,,family_B,B_biochemical,biochemical,inhibition,demo_2026,fictional_demo,https://example.org/fictional-screen,pass,1,10,mM,,,,chemistry
B_biochemical_12,B,L12,CCC(=O)O,G6,1,train,,,,family_B,B_biochemical,biochemical,inhibition,demo_2026,fictional_demo,https://example.org/fictional-screen,pass,1,10,mM,,,,chemistry
C_xray_01,C,L01,CC,G1,0,train,,,,family_C,C_xray,xray,hit,demo_2026,fictional_demo,https://example.org/fictional-screen,pass,1,10,mM,,,,chemistry
C_xray_02,C,L02,CCC,G1,1,train,,,,family_C,C_xray,xray,hit,demo_2026,fictional_demo,https://example.org/fictional-screen,pass,1,10,mM,,,,chemistry
C_xray_03,C,L03,CO,G2,0,test,,,,family_C,C_xray,xray,hit,demo_2026,fictional_demo,https://example.org/fictional-screen,pass,1,10,mM,,,,chemistry
C_xray_04,C,L04,CCO,G2,1,test,,,,family_C,C_xray,xray,hit,demo_2026,fictional_demo,https://example.org/fictional-screen,pass,1,10,mM,,,,chemistry
C_xray_05,C,L05,CN,G3,0,train,,,,family_C,C_xray,xray,hit,demo_2026,fictional_demo,https://example.org/fictional-screen,pass,1,10,mM,,,,chemistry
C_xray_06,C,L06,CCN,G3,1,train,,,,family_C,C_xray,xray,hit,demo_2026,fictional_demo,https://example.org/fictional-screen,pass,1,10,mM,,,,chemistry
C_xray_07,C,L07,C1CC1,G4,0,val,,,,family_C,C_xray,xray,hit,demo_2026,fictional_demo,https://example.org/fictional-screen,pass,1,10,mM,,,,chemistry
C_xray_08,C,L08,C1CCC1,G4,1,val,,,,family_C,C_xray,xray,hit,demo_2026,fictional_demo,https://example.org/fictional-screen,pass,1,10,mM,,,,chemistry
C_xray_09,C,L09,c1ccccc1,G5,0,train,,,,family_C,C_xray,xray,hit,demo_2026,fictional_demo,https://example.org/fictional-screen,pass,1,10,mM,,,,chemistry
C_xray_10,C,L10,Cc1ccccc1,G5,1,train,,,,family_C,C_xray,xray,hit,demo_2026,fictional_demo,https://example.org/fictional-screen,pass,1,10,mM,,,,chemistry
C_xray_11,C,L11,CC(=O)O,G6,0,train,,,,family_C,C_xray,xray,hit,demo_2026,fictional_demo,https://example.org/fictional-screen,pass,1,10,mM,,,,chemistry
C_xray_12,C,L12,CCC(=O)O,G6,1,train,,,,family_C,C_xray,xray,hit,demo_2026,fictional_demo,https://example.org/fictional-screen,pass,1,10,mM,,,,chemistry
C_biochemical_01,C,L01,CC,G1,0,train,,,,family_C,C_biochemical,biochemical,inhibition,demo_2026,fictional_demo,https://example.org/fictional-screen,pass,1,10,mM,,,,chemistry
C_biochemical_02,C,L02,CCC,G1,1,train,,,,family_C,C_biochemical,biochemical,inhibition,demo_2026,fictional_demo,https://example.org/fictional-screen,pass,1,10,mM,,,,chemistry
C_biochemical_03,C,L03,CO,G2,0,test,,,,family_C,C_biochemical,biochemical,inhibition,demo_2026,fictional_demo,https://example.org/fictional-screen,pass,1,10,mM,,,,chemistry
C_biochemical_04,C,L04,CCO,G2,1,test,,,,family_C,C_biochemical,biochemical,inhibition,demo_2026,fictional_demo,https://example.org/fictional-screen,pass,1,10,mM,,,,chemistry
C_biochemical_05,C,L05,CN,G3,0,train,,,,family_C,C_biochemical,biochemical,inhibition,demo_2026,fictional_demo,https://example.org/fictional-screen,pass,1,10,mM,,,,chemistry
C_biochemical_06,C,L06,CCN,G3,1,train,,,,family_C,C_biochemical,biochemical,inhibition,demo_2026,fictional_demo,https://example.org/fictional-screen,pass,1,10,mM,,,,chemistry
C_biochemical_07,C,L07,C1CC1,G4,0,val,,,,family_C,C_biochemical,biochemical,inhibition,demo_2026,fictional_demo,https://example.org/fictional-screen,pass,1,10,mM,,,,chemistry
C_biochemical_08,C,L08,C1CCC1,G4,1,val,,,,family_C,C_biochemical,biochemical,inhibition,demo_2026,fictional_demo,https://example.org/fictional-screen,pass,1,10,mM,,,,chemistry
C_biochemical_09,C,L09,c1ccccc1,G5,0,train,,,,family_C,C_biochemical,biochemical,inhibition,demo_2026,fictional_demo,https://example.org/fictional-screen,pass,1,10,mM,,,,chemistry
C_biochemical_10,C,L10,Cc1ccccc1,G5,1,train,,,,family_C,C_biochemical,biochemical,inhibition,demo_2026,fictional_demo,https://example.org/fictional-screen,pass,1,10,mM,,,,chemistry
C_biochemical_11,C,L11,CC(=O)O,G6,0,train,,,,family_C,C_biochemical,biochemical,inhibition,demo_2026,fictional_demo,https://example.org/fictional-screen,pass,1,10,mM,,,,chemistry
C_biochemical_12,C,L12,CCC(=O)O,G6,1,train,,,,family_C,C_biochemical,biochemical,inhibition,demo_2026,fictional_demo,https://example.org/fictional-screen,pass,1,10,mM,,,,chemistry
D_xray_01,D,L01,CC,G1,0,train,,,,family_D,D_xray,xray,hit,demo_2026,fictional_demo,https://example.org/fictional-screen,pass,1,10,mM,,,,chemistry
D_xray_02,D,L02,CCC,G1,1,train,,,,family_D,D_xray,xray,hit,demo_2026,fictional_demo,https://example.org/fictional-screen,pass,1,10,mM,,,,chemistry
D_xray_03,D,L03,CO,G2,0,test,,,,family_D,D_xray,xray,hit,demo_2026,fictional_demo,https://example.org/fictional-screen,pass,1,10,mM,,,,chemistry
D_xray_04,D,L04,CCO,G2,1,test,,,,family_D,D_xray,xray,hit,demo_2026,fictional_demo,https://example.org/fictional-screen,pass,1,10,mM,,,,chemistry
D_xray_05,D,L05,CN,G3,0,train,,,,family_D,D_xray,xray,hit,demo_2026,fictional_demo,https://example.org/fictional-screen,pass,1,10,mM,,,,chemistry
D_xray_06,D,L06,CCN,G3,1,train,,,,family_D,D_xray,xray,hit,demo_2026,fictional_demo,https://example.org/fictional-screen,pass,1,10,mM,,,,chemistry
D_xray_07,D,L07,C1CC1,G4,0,val,,,,family_D,D_xray,xray,hit,demo_2026,fictional_demo,https://example.org/fictional-screen,pass,1,10,mM,,,,chemistry
D_xray_08,D,L08,C1CCC1,G4,1,val,,,,family_D,D_xray,xray,hit,demo_2026,fictional_demo,https://example.org/fictional-screen,pass,1,10,mM,,,,chemistry
D_xray_09,D,L09,c1ccccc1,G5,0,train,,,,family_D,D_xray,xray,hit,demo_2026,fictional_demo,https://example.org/fictional-screen,pass,1,10,mM,,,,chemistry
D_xray_10,D,L10,Cc1ccccc1,G5,1,train,,,,family_D,D_xray,xray,hit,demo_2026,fictional_demo,https://example.org/fictional-screen,pass,1,10,mM,,,,chemistry
D_xray_11,D,L11,CC(=O)O,G6,0,train,,,,family_D,D_xray,xray,hit,demo_2026,fictional_demo,https://example.org/fictional-screen,pass,1,10,mM,,,,chemistry
D_xray_12,D,L12,CCC(=O)O,G6,1,train,,,,family_D,D_xray,xray,hit,demo_2026,fictional_demo,https://example.org/fictional-screen,pass,1,10,mM,,,,chemistry
D_biochemical_01,D,L01,CC,G1,0,train,,,,family_D,D_biochemical,biochemical,inhibition,demo_2026,fictional_demo,https://example.org/fictional-screen,pass,1,10,mM,,,,chemistry
D_biochemical_02,D,L02,CCC,G1,1,train,,,,family_D,D_biochemical,biochemical,inhibition,demo_2026,fictional_demo,https://example.org/fictional-screen,pass,1,10,mM,,,,chemistry
D_biochemical_03,D,L03,CO,G2,0,test,,,,family_D,D_biochemical,biochemical,inhibition,demo_2026,fictional_demo,https://example.org/fictional-screen,pass,1,10,mM,,,,chemistry
D_biochemical_04,D,L04,CCO,G2,1,test,,,,family_D,D_biochemical,biochemical,inhibition,demo_2026,fictional_demo,https://example.org/fictional-screen,pass,1,10,mM,,,,chemistry
D_biochemical_05,D,L05,CN,G3,0,train,,,,family_D,D_biochemical,biochemical,inhibition,demo_2026,fictional_demo,https://example.org/fictional-screen,pass,1,10,mM,,,,chemistry
D_biochemical_06,D,L06,CCN,G3,1,train,,,,family_D,D_biochemical,biochemical,inhibition,demo_2026,fictional_demo,https://example.org/fictional-screen,pass,1,10,mM,,,,chemistry
D_biochemical_07,D,L07,C1CC1,G4,0,val,,,,family_D,D_biochemical,biochemical,inhibition,demo_2026,fictional_demo,https://example.org/fictional-screen,pass,1,10,mM,,,,chemistry
D_biochemical_08,D,L08,C1CCC1,G4,1,val,,,,family_D,D_biochemical,biochemical,inhibition,demo_2026,fictional_demo,https://example.org/fictional-screen,pass,1,10,mM,,,,chemistry
D_biochemical_09,D,L09,c1ccccc1,G5,0,train,,,,family_D,D_biochemical,biochemical,inhibition,demo_2026,fictional_demo,https://example.org/fictional-screen,pass,1,10,mM,,,,chemistry
D_biochemical_10,D,L10,Cc1ccccc1,G5,1,train,,,,family_D,D_biochemical,biochemical,inhibition,demo_2026,fictional_demo,https://example.org/fictional-screen,pass,1,10,mM,,,,chemistry
D_biochemical_11,D,L11,CC(=O)O,G6,0,train,,,,family_D,D_biochemical,biochemical,inhibition,demo_2026,fictional_demo,https://example.org/fictional-screen,pass,1,10,mM,,,,chemistry
D_biochemical_12,D,L12,CCC(=O)O,G6,1,train,,,,family_D,D_biochemical,biochemical,inhibition,demo_2026,fictional_demo,https://example.org/fictional-screen,pass,1,10,mM,,,,chemistry
E_xray_01,E,L01,CC,G1,0,train,,,,family_E,E_xray,xray,hit,demo_2026,fictional_demo,https://example.org/fictional-screen,pass,1,10,mM,,,,chemistry
E_xray_02,E,L02,CCC,G1,1,train,,,,family_E,E_xray,xray,hit,demo_2026,fictional_demo,https://example.org/fictional-screen,pass,1,10,mM,,,,chemistry
E_xray_03,E,L03,CO,G2,0,test,,,,family_E,E_xray,xray,hit,demo_2026,fictional_demo,https://example.org/fictional-screen,pass,1,10,mM,,,,chemistry
E_xray_04,E,L04,CCO,G2,1,test,,,,family_E,E_xray,xray,hit,demo_2026,fictional_demo,https://example.org/fictional-screen,pass,1,10,mM,,,,chemistry
E_xray_05,E,L05,CN,G3,0,train,,,,family_E,E_xray,xray,hit,demo_2026,fictional_demo,https://example.org/fictional-screen,pass,1,10,mM,,,,chemistry
E_xray_06,E,L06,CCN,G3,1,train,,,,family_E,E_xray,xray,hit,demo_2026,fictional_demo,https://example.org/fictional-screen,pass,1,10,mM,,,,chemistry
E_xray_07,E,L07,C1CC1,G4,0,val,,,,family_E,E_xray,xray,hit,demo_2026,fictional_demo,https://example.org/fictional-screen,pass,1,10,mM,,,,chemistry
E_xray_08,E,L08,C1CCC1,G4,1,val,,,,family_E,E_xray,xray,hit,demo_2026,fictional_demo,https://example.org/fictional-screen,pass,1,10,mM,,,,chemistry
E_xray_09,E,L09,c1ccccc1,G5,0,train,,,,family_E,E_xray,xray,hit,demo_2026,fictional_demo,https://example.org/fictional-screen,pass,1,10,mM,,,,chemistry
E_xray_10,E,L10,Cc1ccccc1,G5,1,train,,,,family_E,E_xray,xray,hit,demo_2026,fictional_demo,https://example.org/fictional-screen,pass,1,10,mM,,,,chemistry
E_xray_11,E,L11,CC(=O)O,G6,0,train,,,,family_E,E_xray,xray,hit,demo_2026,fictional_demo,https://example.org/fictional-screen,pass,1,10,mM,,,,chemistry
E_xray_12,E,L12,CCC(=O)O,G6,1,train,,,,family_E,E_xray,xray,hit,demo_2026,fictional_demo,https://example.org/fictional-screen,pass,1,10,mM,,,,chemistry
E_biochemical_01,E,L01,CC,G1,0,train,,,,family_E,E_biochemical,biochemical,inhibition,demo_2026,fictional_demo,https://example.org/fictional-screen,pass,1,10,mM,,,,chemistry
E_biochemical_02,E,L02,CCC,G1,1,train,,,,family_E,E_biochemical,biochemical,inhibition,demo_2026,fictional_demo,https://example.org/fictional-screen,pass,1,10,mM,,,,chemistry
E_biochemical_03,E,L03,CO,G2,0,test,,,,family_E,E_biochemical,biochemical,inhibition,demo_2026,fictional_demo,https://example.org/fictional-screen,pass,1,10,mM,,,,chemistry
E_biochemical_04,E,L04,CCO,G2,1,test,,,,family_E,E_biochemical,biochemical,inhibition,demo_2026,fictional_demo,https://example.org/fictional-screen,pass,1,10,mM,,,,chemistry
E_biochemical_05,E,L05,CN,G3,0,train,,,,family_E,E_biochemical,biochemical,inhibition,demo_2026,fictional_demo,https://example.org/fictional-screen,pass,1,10,mM,,,,chemistry
E_biochemical_06,E,L06,CCN,G3,1,train,,,,family_E,E_biochemical,biochemical,inhibition,demo_2026,fictional_demo,https://example.org/fictional-screen,pass,1,10,mM,,,,chemistry
E_biochemical_07,E,L07,C1CC1,G4,0,val,,,,family_E,E_biochemical,biochemical,inhibition,demo_2026,fictional_demo,https://example.org/fictional-screen,pass,1,10,mM,,,,chemistry
E_biochemical_08,E,L08,C1CCC1,G4,1,val,,,,family_E,E_biochemical,biochemical,inhibition,demo_2026,fictional_demo,https://example.org/fictional-screen,pass,1,10,mM,,,,chemistry
E_biochemical_09,E,L09,c1ccccc1,G5,0,train,,,,family_E,E_biochemical,biochemical,inhibition,demo_2026,fictional_demo,https://example.org/fictional-screen,pass,1,10,mM,,,,chemistry
E_biochemical_10,E,L10,Cc1ccccc1,G5,1,train,,,,family_E,E_biochemical,biochemical,inhibition,demo_2026,fictional_demo,https://example.org/fictional-screen,pass,1,10,mM,,,,chemistry
E_biochemical_11,E,L11,CC(=O)O,G6,0,train,,,,family_E,E_biochemical,biochemical,inhibition,demo_2026,fictional_demo,https://example.org/fictional-screen,pass,1,10,mM,,,,chemistry
E_biochemical_12,E,L12,CCC(=O)O,G6,1,train,,,,family_E,E_biochemical,biochemical,inhibition,demo_2026,fictional_demo,https://example.org/fictional-screen,pass,1,10,mM,,,,chemistry
F_xray_01,F,L01,CC,G1,0,train,,,,family_F,F_xray,xray,hit,demo_2026,fictional_demo,https://example.org/fictional-screen,pass,1,10,mM,,,,chemistry
F_xray_02,F,L02,CCC,G1,1,train,,,,family_F,F_xray,xray,hit,demo_2026,fictional_demo,https://example.org/fictional-screen,pass,1,10,mM,,,,chemistry
F_xray_03,F,L03,CO,G2,0,test,,,,family_F,F_xray,xray,hit,demo_2026,fictional_demo,https://example.org/fictional-screen,pass,1,10,mM,,,,chemistry
F_xray_04,F,L04,CCO,G2,1,test,,,,family_F,F_xray,xray,hit,demo_2026,fictional_demo,https://example.org/fictional-screen,pass,1,10,mM,,,,chemistry
F_xray_05,F,L05,CN,G3,0,train,,,,family_F,F_xray,xray,hit,demo_2026,fictional_demo,https://example.org/fictional-screen,pass,1,10,mM,,,,chemistry
F_xray_06,F,L06,CCN,G3,1,train,,,,family_F,F_xray,xray,hit,demo_2026,fictional_demo,https://example.org/fictional-screen,pass,1,10,mM,,,,chemistry
F_xray_07,F,L07,C1CC1,G4,0,val,,,,family_F,F_xray,xray,hit,demo_2026,fictional_demo,https://example.org/fictional-screen,pass,1,10,mM,,,,chemistry
F_xray_08,F,L08,C1CCC1,G4,1,val,,,,family_F,F_xray,xray,hit,demo_2026,fictional_demo,https://example.org/fictional-screen,pass,1,10,mM,,,,chemistry
F_xray_09,F,L09,c1ccccc1,G5,0,train,,,,family_F,F_xray,xray,hit,demo_2026,fictional_demo,https://example.org/fictional-screen,pass,1,10,mM,,,,chemistry
F_xray_10,F,L10,Cc1ccccc1,G5,1,train,,,,family_F,F_xray,xray,hit,demo_2026,fictional_demo,https://example.org/fictional-screen,pass,1,10,mM,,,,chemistry
F_xray_11,F,L11,CC(=O)O,G6,0,train,,,,family_F,F_xray,xray,hit,demo_2026,fictional_demo,https://example.org/fictional-screen,pass,1,10,mM,,,,chemistry
F_xray_12,F,L12,CCC(=O)O,G6,1,train,,,,family_F,F_xray,xray,hit,demo_2026,fictional_demo,https://example.org/fictional-screen,pass,1,10,mM,,,,chemistry
F_biochemical_01,F,L01,CC,G1,0,train,,,,family_F,F_biochemical,biochemical,inhibition,demo_2026,fictional_demo,https://example.org/fictional-screen,pass,1,10,mM,,,,chemistry
F_biochemical_02,F,L02,CCC,G1,1,train,,,,family_F,F_biochemical,biochemical,inhibition,demo_2026,fictional_demo,https://example.org/fictional-screen,pass,1,10,mM,,,,chemistry
F_biochemical_03,F,L03,CO,G2,0,test,,,,family_F,F_biochemical,biochemical,inhibition,demo_2026,fictional_demo,https://example.org/fictional-screen,pass,1,10,mM,,,,chemistry
F_biochemical_04,F,L04,CCO,G2,1,test,,,,family_F,F_biochemical,biochemical,inhibition,demo_2026,fictional_demo,https://example.org/fictional-screen,pass,1,10,mM,,,,chemistry
F_biochemical_05,F,L05,CN,G3,0,train,,,,family_F,F_biochemical,biochemical,inhibition,demo_2026,fictional_demo,https://example.org/fictional-screen,pass,1,10,mM,,,,chemistry
F_biochemical_06,F,L06,CCN,G3,1,train,,,,family_F,F_biochemical,biochemical,inhibition,demo_2026,fictional_demo,https://example.org/fictional-screen,pass,1,10,mM,,,,chemistry
F_biochemical_07,F,L07,C1CC1,G4,0,val,,,,family_F,F_biochemical,biochemical,inhibition,demo_2026,fictional_demo,https://example.org/fictional-screen,pass,1,10,mM,,,,chemistry
F_biochemical_08,F,L08,C1CCC1,G4,1,val,,,,family_F,F_biochemical,biochemical,inhibition,demo_2026,fictional_demo,https://example.org/fictional-screen,pass,1,10,mM,,,,chemistry
F_biochemical_09,F,L09,c1ccccc1,G5,0,train,,,,family_F,F_biochemical,biochemical,inhibition,demo_2026,fictional_demo,https://example.org/fictional-screen,pass,1,10,mM,,,,chemistry
F_biochemical_10,F,L10,Cc1ccccc1,G5,1,train,,,,family_F,F_biochemical,biochemical,inhibition,demo_2026,fictional_demo,https://example.org/fictional-screen,pass,1,10,mM,,,,chemistry
F_biochemical_11,F,L11,CC(=O)O,G6,0,train,,,,family_F,F_biochemical,biochemical,inhibition,demo_2026,fictional_demo,https://example.org/fictional-screen,pass,1,10,mM,,,,chemistry
F_biochemical_12,F,L12,CCC(=O)O,G6,1,train,,,,family_F,F_biochemical,biochemical,inhibition,demo_2026,fictional_demo,https://example.org/fictional-screen,pass,1,10,mM,,,,chemistry
A_failed,A,L01,CC,G1,0,train,,,,family_A,A_xray,xray,hit,demo_2026,fictional_demo,https://example.org/fictional-screen,fail,1,10,mM,,,,chemistry
A_uncertain,A,L01,CC,G1,uncertain,train,,,,family_A,A_xray,xray,hit,demo_2026,fictional_demo,https://example.org/fictional-screen,pass,1,10,mM,,,,chemistry
A_phenotype,A,L01,CC,G1,0,train,,,,family_A,A_cell,phenotypic,viability,demo_2026,fictional_demo,https://example.org/fictional-screen,pass,1,10,mM,,,,chemistry
