PUBCHEM_RESULT_TAG,PUBCHEM_SID,PUBCHEM_CID,PUBCHEM_EXT_DATASOURCE_SMILES,PUBCHEM_ACTIVITY_OUTCOME,PUBCHEM_ACTIVITY_SCORE,PUBCHEM_ACTIVITY_URL,PUBCHEM_ASSAYDATA_COMMENT,CC50 Modifier,CC50,CC50 Std Dev Modifier,CC50 Std Dev,CC50 Hill Slope,CC50 Normalized Chi2,% Cell Viability @ 80 uM (Replicate 1),% Cell Viability @ 40 uM (Replicate 1),% Cell Viability @ 20 uM (Replicate 1),% Cell Viability @ 10 uM (Replicate 1),% Cell Viability @ 5 uM (Replicate 1),% Cell Viability @ 2.5 uM (Replicate 1),% Cell Viability @ 1.25 uM (Replicate 1),% Cell Viability @ 0.625 uM (Replicate 1),% Cell Viability @ 0.313 uM (Replicate 1),% Cell Viability @ 0.156 uM (Replicate 1),% Cell Viability @ 0.078 uM (Replicate 1),% Cell Viability @ 80 uM (Replicate 2),% Cell Viability @ 40 uM (Replicate 2),% Cell Viability @ 20 uM (Replicate 2),% Cell Viability @ 10 uM (Replicate 2),% Cell Viability @ 5 uM (Replicate 2),% Cell Viability @ 2.5 uM (Replicate 2),% Cell Viability @ 1.25 uM (Replicate 2),% Cell Viability @ 0.625 uM (Replicate 2),% Cell Viability @ 0.313 uM (Replicate 2),% Cell Viability @ 0.156 uM (Replicate 2),% Cell Viability @ 0.078 uM (Replicate 2),% Cell Viability @ 80 uM (Replicate 3),% Cell Viability @ 40 uM (Replicate 3),% Cell Viability @ 20 uM (Replicate 3),% Cell Viability @ 10 uM (Replicate 3),% Cell Viability @ 5 uM (Replicate 3),% Cell Viability @ 1.25 uM (Replicate 3),% Cell Viability @ 0.313 uM (Replicate 3),Max % Viability,Max Viability Conc,Min % Viability,Min Viability Conc
RESULT_TYPE,,,,,,,,STRING,FLOAT,STRING,FLOAT,FLOAT,FLOAT,FLOAT,FLOAT,FLOAT,FLOAT,FLOAT,FLOAT,FLOAT,FLOAT,FLOAT,FLOAT,FLOAT,FLOAT,FLOAT,FLOAT,FLOAT,FLOAT,FLOAT,FLOAT,FLOAT,FLOAT,FLOAT,FLOAT,FLOAT,FLOAT,FLOAT,FLOAT,FLOAT,FLOAT,FLOAT,FLOAT,FLOAT,FLOAT,FLOAT
RESULT_DESCR,,,,,,,,,,,,,,,,,,,,,,,,,,,,,,,,,,,,,,,,,,,Maximum % Viability observed across all concentrations.,Concentration at which Maximum % Viability was observed.,Minimum % Viability observed across all concentrations.,Concentration at which Minimum % Viability was observed.
RESULT_UNIT,,,,,,,,,MICROMOLAR,,NONE,NONE,NONE,PERCENT,PERCENT,PERCENT,PERCENT,PERCENT,PERCENT,PERCENT,PERCENT,PERCENT,PERCENT,PERCENT,PERCENT,PERCENT,PERCENT,PERCENT,PERCENT,PERCENT,PERCENT,PERCENT,PERCENT,PERCENT,PERCENT,PERCENT,PERCENT,PERCENT,PERCENT,PERCENT,PERCENT,PERCENT,PERCENT,MICROMOLAR,PERCENT,MICROMOLAR
RESULT_IS_ACTIVE_CONCENTRATION,,,,,,,,,TRUE,,,,,,,,,,,,,,,,,,,,,,,,,,,,,,,,,,,,,
RESULT_ATTR_CONC_MICROMOL,,,,,,,,,,,,,,80,40,20,10,5,2.5,1.25,0.625,0.313,0.156,0.078,80,40,20,10,5,2.5,1.25,0.625,0.313,0.156,0.078,80,40,20,10,5,1.25,0.313,,,,
1,85248347,3132203,COC1=CC=CC(=C1)C(C2=C(C3=C(C=CC=N3)C=C2)O)NC(=O)C4=CC=CC=C4,Active,99,,,,1.94,,0.2,-0.92,6.79,,2.62,18.85,26.69,29.62,49.03,53.39,79.45,94.57,99.25,94.18,,2.61,10.25,27.06,25.06,31.84,51.73,76.25,87.66,88.36,87.97,,,,,,,,99.25,0.16,2.61,40
2,85256217,20877827,CC1CCCN(C1)CCCNC(=O)C2=CC3=C(S2)C4=C(C=CC=C4OC3)C,Active,99,,,,4.45,,0.89,-1.24,15.48,,1.93,2.14,5.31,75.33,69.47,76.75,77.47,83.64,85.62,94.57,,2.22,1.93,7.48,76.87,72.63,78.33,73.71,83.27,85.51,89.75,,,,,,,,94.57,0.08,1.93,40
3,85256220,20877968,CC1CCCN(C1)CCCNC(=O)C2=CC3=C(S2)C4=CC=CC=C4OC3,Active,98,,,,6.78,,1.89,-0.77,16.16,,2.31,7.52,73.03,65.5,71.37,68.2,77.15,82.93,87.84,88.16,,2.06,7.02,72.86,71.47,73.55,74.33,77.26,84.04,81.42,90.36,,,,,,,,90.36,0.08,2.06,40
4,85248328,3590942,C1=CC=C(C(=C1)C(C2=C(C3=C(C=CC=N3)C=C2)O)NC4=NC=CS4)O,Active,98,,,,8,,1.3,-0.75,9.09,,29.84,34.14,43.64,41.03,81.66,86.18,90.93,91.8,89.9,82.61,,27.09,36.78,44.87,44.33,73.86,83.27,102.24,94.6,95.45,82.11,,,,,,,,102.24,0.63,27.09,40
5,85256216,20877745,CC1CCN(CC1)CCCNC(=O)C2=CC3=C(S2)C4=C(C=CC=C4OC3)C,Active,97,,,,10.01,,1.21,-2.33,12.78,,2.78,2.69,68.44,75.17,98.22,83.72,81.66,86.26,94.26,94.73,,2.69,2.85,57.9,79.95,76.18,80.72,87.2,84.43,95.07,90.98,,,,,,,,98.22,2.5,2.69,40
6,85256221,20877970,CC1CCCC(N1CCCNC(=O)C2=CC3=C(S2)C4=CC=CC=C4OC3)C,Active,96,,,,12.39,,1.7,-6.18,15.42,,2.39,2.93,79.29,75.49,79.05,83.56,81.58,92.44,88.55,95.21,,1.9,2.93,80.96,74.87,80.03,80.42,81.19,84.58,81.65,90.44,,,,,,,,95.21,0.08,1.9,40
7,85256222,16010442,CCCN1CCN(CC1)CCCNC(=O)C2=CC3=C(S2)C4=C(C=CC=C4OC3)C,Active,96,,,,12.42,,1.35,-3.37,13.56,,2.93,7.68,73.66,75.72,81.43,80.87,88,82.93,98.38,98.22,,2.69,11.03,78.72,76.95,86.66,81.34,88.2,83.04,89.98,89.13,,,,,,,,98.38,0.16,2.69,40
8,85256219,20877886,CC1CC(CN(C1)CCCNC(=O)C2=CC3=C(S2)C4=CC=CC=C4OC3)C,Active,96,,,,12.42,,4.82,-0.52,14.96,,2.78,51.72,70.97,70.73,73.66,72.95,76.28,74.77,77.86,89.27,,2.69,52.81,73.63,77.18,74.94,78.57,78.1,79.88,80.03,85.51,,,,,,,,89.27,0.08,2.69,40
9,85098862,3223620,CCN(CC)CCCNC(=S)N1CCN(CC1)C2=NC(=CS2)C3=CC=C(C=C3)F,Active,96,,,,13.35,,0.38,-5.08,4.44,1.38,2.08,6.98,83.4,92.22,,101.9,,99.08,,,1.84,2.1,9.93,81.92,103.39,,98.21,,94.39,,,1.3,2.05,16.18,79.4,93.89,102.74,93.83,104.54,0.63,1.3,80
10,85248300,853310,C1=CC=C(C=C1)C2=CSC(=N2)NC(=O)C3=CC=CC=C3Cl,Active,96,,,,14,,0.95,-1.75,6.15,,10,39.37,61.5,82.61,97,,,102.92,91.54,92.33,,6.4,43.86,60.16,85.35,94.09,,,109.13,103.94,101.02,,,,,,,,110.2,1.25,6.4,40
11,85098864,3223636,CCN(CC)CCCNC(=S)N1CCN(CC1)C2=NC(=CS2)C3=CC=CC=C3,Active,95,,,,15.31,,0.67,-3.13,6.5,0.78,0.98,12,70.06,86.71,,95.04,,100.73,,,0.73,1.91,30.41,85.26,96.42,,96.55,,99.63,,,0.8,2.35,49.5,86.2,90.05,102.68,99.43,105.38,0.16,0.73,80
12,85098867,16187362,CCOC(=O)C1(CCN(CC1)C2CCN(CC2)C(C)C)CC3=CC=CC=C3C(F)(F)F,Active,93,,,,21.62,,2.67,-1.52,15.11,10.47,39.13,65.89,85.43,98.22,,99.76,,96.63,,,10.23,51.45,12.74,83.41,87.29,,100.56,,102.84,,,9.44,46.44,74.52,92.33,96.54,98.71,101.77,105.5,0.63,9.44,80
13,85098859,133407,CN(C)CCCN1C2=C(CCC3=C1C=CC(=C3)[N+](=O)[O-])C=C(C=C2)[N+](=O)[O-],Active,93,,,,21.64,,1.2,-2,6.64,0.66,7.16,50.52,82.3,93.2,,100.67,,98.16,,,0.43,25.66,62.37,71.81,93.95,,97.78,,96.55,,,0.49,31.82,66.89,76.09,93.11,105.62,97.62,105.62,1.25,0.43,80
14,85735954,44459951,CC(C)N(C1=NC(=CS1)C2=CC=C(C=C2)OC)C(=O)C3=CC=CC=C3Cl,Active,93,,,,22.36,,4.83,-0.78,9.88,,34.25,54.89,78.61,84.73,88.14,90.71,93.91,92.73,93.57,87.3,,23.3,51.18,70.9,80.38,81.54,84.34,85.77,82.5,79.7,79.9,,,,,,,,93.91,0.63,23.3,40
15,85098857,3223635,CN(C)CCCNC(=S)N1CCN(CC1)C2=NC(=CS2)C3=CC=CC=C3,Active,92,,,,24.98,,0.86,-4.81,6.31,0.9,2.45,76.55,79.3,98.35,,100.92,,99.02,,,0.92,7.83,79.36,87.17,96.18,,97.47,,95.56,,,1.11,10.89,69.46,81.62,97.74,102.92,105.02,105.02,0.31,0.9,80
16,85256218,20877885,CC1CCN(CC1)CCCNC(=O)C2=CC3=C(S2)C4=CC=CC=C4OC3,Active,92,,,,26.25,,12.39,-0.47,13.21,,13.49,74.06,72.79,70.65,74.69,76.12,81.82,86.42,93.15,87.45,,20.12,76.18,71.86,72.55,80.88,76.64,79.18,81.5,87.66,87.12,,,,,,,,93.15,0.16,13.49,40
17,85098860,3170726,CN(C)CCCN(C1=NC(=CS1)C2=CC=C(C=C2)OC)C(=O)C3=CC=CC=C3Cl,Active,91,,,,28.44,,2.95,-1.55,12.34,1.92,42.38,85.43,82.42,92.9,,97.92,,98.16,,,1.29,60.64,35.76,76.06,89.51,,93.77,,100.06,,,1.6,59.97,72.18,84.21,99.25,106.83,97.68,106.83,1.25,1.29,80
18,85098863,3170725,CC1=CC=CC=C1C(=O)N(CCCN(C)C)C2=NC(=CS2)C3=CC=C(C=C3)OC,Active,81,,,,63.16,,3.34,-1.77,5.12,41.14,79.49,83.34,91.06,92.47,,99.94,,100.8,,,26.09,78.53,83.04,93.95,102.16,,101.85,,98.64,,,41.02,71.94,82.17,90.17,101.35,100.39,95.16,104.84,2.5,26.09,80
19,85248306,748000,C1=CC(=CC(=C1)Cl)C(=O)NC2=NC(=CS2)C3=CC=C(C=C3)Cl,Active,100,,,<,0.08,,0,0.01,11.04,,54.09,53.99,60.87,63.4,74.31,,,78.5,75.65,69.09,,56.92,47.64,50.63,61.57,65.75,,,83.78,75.83,64.72,,,,,,,,83.78,0.31,47.64,20
20,85248302,884692,COC1=CC=C(C=C1)C2=CSC(=N2)NC(=O)C3=CC(=CC=C3)Cl,Active,81,,,>,40,>,9999,-0.12,5.62,,71.57,81.66,75.97,87.11,88.14,,,83.64,83.32,77.47,,80.87,73.07,67.4,80.31,80.55,,,91.65,84.33,83.94,,,,,,,,91.65,0.31,67.4,10
21,85248304,746909,COC1=CC=C(C=C1)C2=CSC(=N2)NC(=O)C3=CC=CC=C3F,Active,81,,,>,40,,0,0.06,4.58,,80.16,74.62,76.28,80.32,82.45,,,74.31,70.2,71.94,,82.61,72.44,69.21,75.83,68.35,,,79.37,68.82,68.66,,,,,,,,82.61,40,67.24,1.25
22,85248301,1154666,COC1=CC=C(C=C1)C2=CSC(=N2)NC(=O)C3=CC=CC=C3Cl,Active,81,,,>,40,>,9999,-0.09,6.41,,85.75,78.02,87.75,91.38,90.2,,,84.19,86.96,83,,85.38,63.94,78.19,81.26,83.94,,,87.8,88.11,85.83,,,,,,,,95.83,0.63,63.94,20
23,85248303,735557,COC1=CC=C(C=C1)C2=CSC(=N2)NC(=O)C3=CC=C(C=C3)Cl,Active,81,,,>,40,,0,0.04,6.35,,69.84,76.44,81.42,86.17,84.66,,,73.2,74.15,68.7,,67.35,74.02,75.75,71.81,72.6,,,69.61,77.72,62.2,,,,,,,,86.17,5,62.2,0.078
24,85248305,803537,C1=CC=C(C(=C1)C(=O)NC2=NC(=CS2)C3=CC=C(C=C3)Cl)Cl,Active,81,,,>,40,>,9999,-0.11,7.22,,58.43,59.76,73.83,81.34,79.05,,,74.94,66.17,67.19,,53.75,57.4,60.24,72.28,71.65,,,76.69,70.47,73.23,,,,,,,,81.82,1.25,53.75,40
25,85248307,697412,C1=CC(=CC=C1C2=CSC(=N2)NC(=O)C3=CC=C(C=C3)Cl)Cl,Active,81,,,>,40,,0,0.07,5.05,,81.1,72.65,83.16,74.23,80.55,,,76.84,67.35,63.16,,78.97,75.75,76.06,68.66,63.54,,,75.83,71.34,73.54,,,,,,,,83.16,10,63.16,0.078
26,85256210,1346552,C1=CC(=CC=C1C2=CSC(=N2)NC(=O)C3=CC=C(C=C3)I)Cl,Active,81,,,>,40,,0,0.04,3.7,,70.31,73.75,75.34,74.62,72.81,,,72.49,72.33,69.49,,74.23,74.02,70.31,67.24,61.89,,,71.57,65.67,74.57,,,,,,,,75.34,10,61.89,2.5
27,85256211,959078,C1=CC=C(C(=C1)C(=O)NC2=NC(=CS2)C3=CC=C(C=C3)Cl)F,Active,81,,,>,40,>,9999,-0.04,4.77,,59.13,69.57,77.23,73.36,74.23,,,70.67,74.55,71.94,,64.51,64.88,69.37,70.79,67.95,,,70.47,67.95,67.56,,,,,,,,80.47,0.63,59.13,40
28,85248332,2482839,C1CC2=C(C1)C=C(C=C2)NC(=O)CSC3=NC4=CC=CC=C4C(=O)N3C5=CC=CC=C5F,Active,81,,,>,40,,0,0.03,8.86,,67.08,75.01,70.02,69.78,69.62,76.83,85.47,83.56,84.75,82.93,,68.04,68.7,68.16,72.17,72.94,80.65,87.05,91.52,83.04,82.65,,,,,,,,91.52,0.31,67.08,40
29,85248330,2400430,C1CC2=NC3=C(C=C(C=C3Cl)Cl)C(=O)N2C1,Active,81,,,>,40,>,9999,-0.17,5.12,,69.47,78.02,82.93,89.5,89.19,88.55,85.39,83.96,83.33,83.49,,76.12,78.1,81.19,85.43,93.52,94.22,93.45,89.44,87.2,86.89,,,,,,,,94.22,1.25,69.47,40
30,85285666,928277,C1CC2=NC3=C(CN2C1)C=C(C=C3)Br,Active,81,,,>,40,,117.02,-0.56,4.72,,67.55,84.1,85.98,91.55,93.29,106.3,95.79,98.78,102.96,101.15,,74.16,83.73,80.31,87.55,84.95,87.75,95.87,96.01,93.82,102.35,,,,,,,,106.3,1.25,67.55,40
31,85248326,2347136,COC1=CC=CC(=C1)NC(=O)CSC2=NC3=CC=CC=C3C(=O)N2C4=CC=C(C=C4)F,Active,81,,,>,40,,274.3,-0.35,3.97,,64.46,76.2,88.24,81.9,89.9,87.21,90.06,91.09,88.71,88.71,,67.56,75.48,82.11,82.65,91.83,88.97,91.67,95.3,94.91,91.29,,,,,,,,95.3,0.31,64.46,40
32,85248334,2513861,C1CC2=C(C1)C=C(C=C2)NC(=O)CSC3=NC4=CC=CC=C4C(=O)N3C5=CC(=C(C=C5)F)Cl,Active,81,,,>,40,,1544.88,-0.17,4.68,,63.99,72.55,72.48,70.42,70.73,82.14,77.94,87.29,83.33,87.05,,65.58,73.17,66.31,66.62,63.61,76.48,72.01,79.88,85.89,83.96,,,,,,,,87.29,0.31,63.61,2.5
33,85248335,4831588,C1CC2=C(C1)C=C(C=C2)NC(=O)CSC3=NC4=CC=CC=C4C(=O)N3C5=CC(=C(C=C5)Cl)Cl,Active,81,,,>,40,,7470.86,-0.15,3.37,,67.46,72.79,77.15,78.26,73.9,82.61,84.83,84.2,86.81,85.7,,70.18,70.08,73.55,72.09,67.54,77.33,79.57,79.11,82.96,85.66,,,,,,,,86.81,0.16,67.46,40
34,85248336,2523144,C1CC2=C(C1)C=C(C=C2)NC(=O)CSC3=NC4=CC=CC=C4C(=O)N3C5=CC=C(C=C5)Cl,Active,81,,,>,40,,0,0.02,11.22,,63.22,64.79,62.97,64.63,71.52,80.71,82.53,90.38,86.1,84.91,,60.91,62.3,62.53,67.46,67.77,78.64,77.33,84.89,83.11,87.12,,,,,,,,90.38,0.31,60.91,40
35,85248337,2557019,C1CC2=C(C1)C=C(C=C2)NC(=O)CSC3=NC4=CC=CC=C4C(=O)N3C5=CC=CC=C5,Active,81,,,>,40,>,9999,-0.11,4.4,,72.32,74.3,81.27,78.89,82.3,80,85.7,83.17,88.48,79.45,,72.32,69.7,71.78,68.54,75.64,77.41,81.96,81.42,72.63,83.89,,,,,,,,88.48,0.16,68.54,5
36,85248338,3568329,C1=CC=C2C(=C1)C=CC=C2NC(=O)CSC3=NC4=CC=CC=C4C(=O)N3C5=CC=C(C=C5)F,Active,81,,,>,40,>,9999,-0.13,5.92,,66.85,79.52,83.56,89.66,89.5,88.48,82.06,87.52,87.45,78.73,,70.02,73.48,68.7,82.11,80.57,88.05,83.58,79.11,80.19,83.65,,,,,,,,89.66,5,66.85,40
37,85248339,3355925,C1COC2=C(O1)C=CC(=C2)NC(=O)CSC3=NC4=CC=CC=C4C(=O)N3C5=CC=C(C=C5)F,Active,81,,,>,40,>,9999,-0.12,5.64,,66.69,80.4,86.73,89.19,87.05,81.58,82.85,84.2,89.35,83.8,,63.13,78.8,76.56,77.18,75.33,80.72,80.11,82.19,80.57,79.88,,,,,,,,89.35,0.16,63.13,40
38,85735951,1172659,COC1=CC=C(C=C1)C2=CSC(=N2)N(CC3=CC=CC=C3)C(=O)C4=CC=CC=C4Cl,Active,81,,,>,40,,6252.11,-0.21,6.12,,63.32,75.55,83.06,85.91,89.88,93.98,95.44,88.83,92.31,87.79,,73.6,68.92,79.9,75.88,76.63,80.04,81.06,82.98,83.52,81.41,,,,,,,,95.44,0.63,63.32,40
39,85735952,44459949,CCCCN(C1=NC(=CS1)C2=CC=C(C=C2)OC)C(=O)C3=CC=CC=C3Cl,Active,81,,,>,40,,3393.84,-0.23,8.34,,60.05,75.69,83.55,89.6,89.32,86.96,91.83,94.12,91.55,89.32,,57.81,75.95,84.61,79.36,85.43,84.54,76.9,85.3,85.23,68.71,,,,,,,,94.12,0.31,57.81,40
40,85735953,44459950,CCCN(C1=NC(=CS1)C2=CC=C(C=C2)OC)C(=O)C3=CC=CC=C3Cl,Active,81,,,>,40,,723.56,-0.29,8.71,,53.63,86.68,87.17,92.45,88.63,84.52,90.3,92.73,90.71,81.81,,52.8,68.51,79.97,84.2,82.77,83.86,81.27,84.2,86.39,82.7,,,,,,,,92.73,0.31,52.8,40
41,85735955,44459952,C\1CN2C(=NC3=C(C2=O)C=C(C=C3)Br)/C1=C\C4=CC=CC=C4,Active,81,,,>,40,,650.99,-0.21,4.63,,64.62,63.51,68.52,73.81,79.86,89.39,87.86,87.23,83.62,80.56,,68.31,62.5,67.35,75.81,76.97,81.13,81.41,81.68,82.02,79.09,,,,,,,,89.39,1.25,62.5,20
42,85098866,2482957,C1CC2=C(C1)C=C(C=C2)NC(=O)CSC3=NC4=CC=CC=C4C(=O)N3C5=C(C=C(C=C5)F)F,Active,81,,,>,80,,23.04,-0.73,9.03,64.48,64.85,69.81,89.22,92.28,,94.24,,95.71,,,61.18,63.79,50.7,84.39,99.75,,100.56,,103.58,,,58.54,70.62,72.86,90.23,97.8,100.87,104.72,107.53,0.63,50.7,20
43,85098856,2486797,C1CC2=C(C1)C=C(C=C2)NC(=O)CSC3=NC4=CC=CC=C4C(=O)N3C5=CC=C(C=C5)F,Active,81,,,>,80,,16.78,-0.6,7.32,59.19,64.48,60.44,72.01,84.63,,90.57,,98.1,,,59.95,65.52,53.21,76,90.07,,99.07,,97.66,,,58.24,61.29,63.97,77.83,87.82,101.35,96.78,105.38,0.63,53.21,20
44,85098865,3170737,CN(C)CCCN(C1=NC(=CS1)C2=CC=C(C=C2)OC)C(=O)C3=CC=CC=C3F,Active,81,,,>,80,,57.47,-0.72,4.37,70.02,77.46,79.67,90.57,92.1,,97.92,,96.82,,,69.08,77.91,87.42,86.18,98.7,,102.71,,94.76,,,71.62,72.78,86.8,93.11,91.61,100.63,101.23,105.02,0.16,69.08,80
45,85098858,3713338,C1CC2=NC3=C(C=C(C=C3)Br)C(N2C1)O,Active,81,,,>,80,,304.1,-0.39,6.94,68.27,69.44,87.08,80.77,66.44,,96.26,,96.2,,,61.91,72.12,89.94,90.56,77.17,,93.34,,99.44,,,66.01,72.24,88.12,77.77,71.94,95.28,96.78,100.49,0.16,61.91,80
46,85285656,730195,CC1=CC2=C(C=C1)N=C3CCCN3C2=O,Inactive,0,,,,,,,,,,91.78,91.13,86.26,96.14,83.06,90.23,91.41,90.92,86.19,84.03,,87.65,85.57,86.86,89.46,83.86,88.64,87.34,86.11,83.45,76.42,,,,,,,,96.14,5,76.42,0.078
47,85248342,5136400,C1CC2=NC3=C(C=C(C=C3)N)C(=O)N2C1,Inactive,0,,,,,,,,,,79.57,91.17,91.72,90.53,92.59,94.73,93.54,89.5,87.76,81.98,,76.59,83.19,83.42,85.12,80.8,79.88,81.65,79.8,77.41,84.73,,,,,,,,94.73,1.25,76.59,40
48,85248333,2497167,COC1=CC=CC(=C1)N2C(=O)C3=CC=CC=C3N=C2SCC(=O)NC4=CC5=C(CCC5)C=C4,Inactive,0,,,,,,,,,,74.56,80.79,82.46,83.8,80.4,86.97,87.92,86.1,87.29,85.39,,78.97,79.03,76.64,77.1,78.64,78.1,88.59,80.72,88.59,88.97,,,,,,,,88.97,0.08,74.56,40
49,85285661,12344018,CC1=C2C(=CC=C1)C(=O)N3CCCC3=N2,Inactive,0,,,,,,,,,,85.5,84.45,83.2,79.58,81.25,80.42,87.23,80.77,77.77,82.57,,94.19,92.19,85.5,93.62,86.86,89.53,89.8,85.77,83.86,75.06,,,,,,,,94.19,40,75.06,0.078
50,85285659,16750009,C1CC2=NC3=C(C=CC=C3Cl)C(=O)N2C1,Inactive,0,,,,,,,,,,88.64,88.42,84.87,79.72,81.67,87.79,81.6,82.3,81.18,84.87,,84.66,89.46,93.82,79.7,91.85,89.59,84.89,81.61,81.34,80.52,,,,,,,,93.82,10,79.7,5
51,85285664,16750011,C1CC2=NC3=C(C(=CC=C3)F)C(=O)N2C1,Inactive,0,,,,,,,,,,98.06,100.8,100.38,96.07,80.35,101.57,90.85,84.87,80.56,83.69,,99.2,96.96,96.28,94.03,100.44,101.6,91.91,92.53,95.67,97.85,,,,,,,,101.6,1.25,80.35,2.5
52,85256214,928447,C1CC2=NC3=C(C=C(C=C3)[N+](=O)[O-])C(=O)N2C1,Inactive,0,,,,,,,,,,86.04,87.37,88.24,102.97,96.24,90.77,96.63,100.99,97.74,102.73,,78.73,99.07,93.75,102.62,98.61,97.53,97.07,102.78,99.61,102.39,,,,,,,,102.97,5,78.73,40
53,85248325,2347122,COC1=CC=CC=C1NC(=O)CSC2=NC3=CC=CC=C3C(=O)N2C4=CC=C(C=C4)F,Inactive,0,,,,,,,,,,84.66,87.21,85.62,89.9,86.18,97.19,95.05,99.64,91.49,94.81,,78.42,92.14,92.06,95.14,94.6,96.84,94.68,92.21,97.69,96.68,,,,,,,,99.64,0.31,78.42,40
54,85248327,2357575,COC1=CC=C(C=C1)NC(=O)CSC2=NC3=CC=CC=C3C(=O)N2C4=CC=C(C=C4)F,Inactive,0,,,,,,,,,,70.08,84.04,90.3,85.78,85.39,86.34,86.42,87.84,87.76,87.13,,72.24,78.1,87.36,86.74,82.5,86.2,88.36,91.9,94.76,87.97,,,,,,,,94.76,0.16,70.08,40
55,85248331,4359800,CC1CC(CN(C1)C(=O)CSC2=NC3=CC=CC=C3C(=O)N2C4=CC=C(C=C4)F)C,Inactive,0,,,,,,,,,,74.56,78.26,88.63,84.12,86.18,87.29,85.47,88.71,88.79,81.9,,75.72,75.48,82.58,92.06,87.51,90.67,87.9,90.52,98.3,85.35,,,,,,,,98.3,0.16,74.56,40
56,85285602,1172622,CN(C1=NC(=CS1)C2=CC=C(C=C2)OC)C(=O)C3=CC=CC=C3Cl,Inactive,0,,,,,,,,,,94.71,95.58,95.65,95.93,96.9,97.11,98.5,100.03,95.37,100.1,,78.47,91.57,96.08,90.41,97.78,106.93,99.22,107.61,98.06,89.12,,,,,,,,107.61,0.31,78.47,40
57,85285603,44251472,COC1=CC=C(C=C1)C2=CSC(=N2)N(CCCBr)C(=O)C3=CC=CC=C3Cl,Inactive,0,,,,,,,,,,73.08,86.19,87.1,96.97,92.73,95.86,94.26,91.62,93.7,91.76,,70.19,86.73,92.26,91.5,86.86,85.36,86.46,77.79,83.73,78.74,,,,,,,,96.97,5,70.19,40
58,85735956,12603615,CC(=O)NC1=CC2=C(C=C1)N=C3CCCN3C2=O,Inactive,0,,,,,,,,,,94.37,92.73,87.93,80.14,85.15,85.98,87.17,87.23,86.54,81.53,,93.98,90,90.48,80.31,88.3,80.93,79.7,82.5,84.34,84,,,,,,,,94.37,40,79.7,0.625
59,85285657,730208,C1CC2=NC3=C(C=C(C=C3)I)C(=O)N2C1,Inactive,0,,,,,,,,,,76.49,77.77,87.3,84.87,85.84,82.5,87.72,83.69,83.2,85.22,,72.56,81.75,91.23,87.34,87.89,84.75,85.16,89.66,86.86,79.7,,,,,,,,91.23,10,72.56,40
60,85285662,44251478,CC1(C2=C(C=CC(=C2)Br)N=C3N1CCC3)O,Inactive,0,,,,,,,,,,90.28,84.59,85.91,85.29,81.6,78.54,76.73,79.03,74.64,79.72,,84.59,90.48,92.6,89.39,92.05,87.82,88.09,86.66,87.55,75.4,,,,,,,,92.6,10,74.64,0.156
61,85285663,23273997,CC1=C2C(=CC=C1)N=C3CCCN3C2=O,Inactive,0,,,,,,,,,,97.24,90.43,91.83,89.04,83.83,88.77,78.26,82.78,81.18,83.27,,91.76,94.23,98.94,97.03,98.12,98.94,94.1,88.02,96.62,85.36,,,,,,,,98.94,1.25,78.26,0.625
62,85285658,45100463,C1CC2=NC3=C(C=C(C=C3)[N+](=O)[O-])C(N2C1)O,Inactive,0,,,,,,,,,,92.94,91.48,85.7,78.82,83.83,79.58,85.57,87.65,85.84,81.53,,87.17,85.16,84.07,87.14,83.38,89.32,87.62,85.7,85.77,76.7,,,,,,,,92.94,40,76.7,0.078
63,85098868,2642268,C1COCCN1C2=CC=C(C=C2)NC(=O)CSC3=NC4=CC=CC=C4C(=O)N3C5=C(C=C(C=C5)F)F,Inactive,0,,,,,,,,,84.99,70.73,75.63,77.95,86.77,,98.41,,98.29,,,82.55,77.98,76.79,81.25,89.82,,99.81,,102.84,,,84.95,78.98,85.13,101.41,109.71,101.41,89.2,109.71,5,70.73,40
64,85098861,16190798,CCOC(=O)C1(CCN(CC1)C2CCN(CC2)C(=O)C)CC3=CC=CC=C3C(F)(F)F,Inactive,0,,,,,,,,,90.77,93.26,101.1,97.67,101.53,,96.51,,97.55,,,87.02,95.62,102.71,99.32,103.82,,96.67,,96.36,,,94.26,91.01,100.27,98.41,100.09,97.2,99.67,103.82,5,87.02,80
65,85098855,442894,C1CC2=NC3=CC=CC=C3CN2C1,Inactive,0,,,,,,,,,93.83,92.28,98.04,99.02,93.57,,94.61,,91.49,,,89.71,97.04,89.14,101.54,98.83,,101.79,,98.4,,,91.24,96.96,90.95,95.22,89.26,93.23,97.32,102.04,2.5,89.14,20
