source_id,ligand_id,smiles,chem_group
133407,CID133407,CN(C)CCCN1C2=C(CCC3=C1C=CC(=C3)[N+](=O)[O-])C=C(C=C2)[N+](=O)[O-],
442894,CID442894,C1CC2=NC3=CC=CC=C3CN2C1,
697412,CID697412,C1=CC(=CC=C1C2=CSC(=N2)NC(=O)C3=CC=C(C=C3)Cl)Cl,
730195,CID730195,CC1=CC2=C(C=C1)N=C3CCCN3C2=O,
730208,CID730208,C1CC2=NC3=C(C=C(C=C3)I)C(=O)N2C1,
735557,CID735557,COC1=CC=C(C=C1)C2=CSC(=N2)NC(=O)C3=CC=C(C=C3)Cl,
746909,CID746909,COC1=CC=C(C=C1)C2=CSC(=N2)NC(=O)C3=CC=CC=C3F,
748000,CID748000,C1=CC(=CC(=C1)Cl)C(=O)NC2=NC(=CS2)C3=CC=C(C=C3)Cl,
803537,CID803537,C1=CC=C(C(=C1)C(=O)NC2=NC(=CS2)C3=CC=C(C=C3)Cl)Cl,
853310,CID853310,C1=CC=C(C=C1)C2=CSC(=N2)NC(=O)C3=CC=CC=C3Cl,
884692,CID884692,COC1=CC=C(C=C1)C2=CSC(=N2)NC(=O)C3=CC(=CC=C3)Cl,
928277,CID928277,C1CC2=NC3=C(CN2C1)C=C(C=C3)Br,
928447,CID928447,C1CC2=NC3=C(C=C(C=C3)[N+](=O)[O-])C(=O)N2C1,
959078,CID959078,C1=CC=C(C(=C1)C(=O)NC2=NC(=CS2)C3=CC=C(C=C3)Cl)F,
1154666,CID1154666,COC1=CC=C(C=C1)C2=CSC(=N2)NC(=O)C3=CC=CC=C3Cl,
1172622,CID1172622,CN(C1=NC(=CS1)C2=CC=C(C=C2)OC)C(=O)C3=CC=CC=C3Cl,
1172659,CID1172659,COC1=CC=C(C=C1)C2=CSC(=N2)N(CC3=CC=CC=C3)C(=O)C4=CC=CC=C4Cl,
1346552,CID1346552,C1=CC(=CC=C1C2=CSC(=N2)NC(=O)C3=CC=C(C=C3)I)Cl,
2347122,CID2347122,COC1=CC=CC=C1NC(=O)CSC2=NC3=CC=CC=C3C(=O)N2C4=CC=C(C=C4)F,
2347136,CID2347136,COC1=CC=CC(=C1)NC(=O)CSC2=NC3=CC=CC=C3C(=O)N2C4=CC=C(C=C4)F,
2357575,CID2357575,COC1=CC=C(C=C1)NC(=O)CSC2=NC3=CC=CC=C3C(=O)N2C4=CC=C(C=C4)F,
2400430,CID2400430,C1CC2=NC3=C(C=C(C=C3Cl)Cl)C(=O)N2C1,
2482839,CID2482839,C1CC2=C(C1)C=C(C=C2)NC(=O)CSC3=NC4=CC=CC=C4C(=O)N3C5=CC=CC=C5F,
2482957,CID2482957,C1CC2=C(C1)C=C(C=C2)NC(=O)CSC3=NC4=CC=CC=C4C(=O)N3C5=C(C=C(C=C5)F)F,
2486797,CID2486797,C1CC2=C(C1)C=C(C=C2)NC(=O)CSC3=NC4=CC=CC=C4C(=O)N3C5=CC=C(C=C5)F,
2497167,CID2497167,COC1=CC=CC(=C1)N2C(=O)C3=CC=CC=C3N=C2SCC(=O)NC4=CC5=C(CCC5)C=C4,
2513861,CID2513861,C1CC2=C(C1)C=C(C=C2)NC(=O)CSC3=NC4=CC=CC=C4C(=O)N3C5=CC(=C(C=C5)F)Cl,
2523144,CID2523144,C1CC2=C(C1)C=C(C=C2)NC(=O)CSC3=NC4=CC=CC=C4C(=O)N3C5=CC=C(C=C5)Cl,
2557019,CID2557019,C1CC2=C(C1)C=C(C=C2)NC(=O)CSC3=NC4=CC=CC=C4C(=O)N3C5=CC=CC=C5,
2642268,CID2642268,C1COCCN1C2=CC=C(C=C2)NC(=O)CSC3=NC4=CC=CC=C4C(=O)N3C5=C(C=C(C=C5)F)F,
3132203,CID3132203,COC1=CC=CC(=C1)C(C2=C(C3=C(C=CC=N3)C=C2)O)NC(=O)C4=CC=CC=C4,
3170725,CID3170725,CC1=CC=CC=C1C(=O)N(CCCN(C)C)C2=NC(=CS2)C3=CC=C(C=C3)OC,
3170726,CID3170726,CN(C)CCCN(C1=NC(=CS1)C2=CC=C(C=C2)OC)C(=O)C3=CC=CC=C3Cl,
3170737,CID3170737,CN(C)CCCN(C1=NC(=CS1)C2=CC=C(C=C2)OC)C(=O)C3=CC=CC=C3F,
3223620,CID3223620,CCN(CC)CCCNC(=S)N1CCN(CC1)C2=NC(=CS2)C3=CC=C(C=C3)F,
3223635,CID3223635,CN(C)CCCNC(=S)N1CCN(CC1)C2=NC(=CS2)C3=CC=CC=C3,
3223636,CID3223636,CCN(CC)CCCNC(=S)N1CCN(CC1)C2=NC(=CS2)C3=CC=CC=C3,
3355925,CID3355925,C1COC2=C(O1)C=CC(=C2)NC(=O)CSC3=NC4=CC=CC=C4C(=O)N3C5=CC=C(C=C5)F,
3568329,CID3568329,C1=CC=C2C(=C1)C=CC=C2NC(=O)CSC3=NC4=CC=CC=C4C(=O)N3C5=CC=C(C=C5)F,
3590942,CID3590942,C1=CC=C(C(=C1)C(C2=C(C3=C(C=CC=N3)C=C2)O)NC4=NC=CS4)O,
3713338,CID3713338,C1CC2=NC3=C(C=C(C=C3)Br)C(N2C1)O,
4359800,CID4359800,CC1CC(CN(C1)C(=O)CSC2=NC3=CC=CC=C3C(=O)N2C4=CC=C(C=C4)F)C,
4831588,CID4831588,C1CC2=C(C1)C=C(C=C2)NC(=O)CSC3=NC4=CC=CC=C4C(=O)N3C5=CC(=C(C=C5)Cl)Cl,
5136400,CID5136400,C1CC2=NC3=C(C=C(C=C3)N)C(=O)N2C1,
12344018,CID12344018,CC1=C2C(=CC=C1)C(=O)N3CCCC3=N2,
12603615,CID12603615,CC(=O)NC1=CC2=C(C=C1)N=C3CCCN3C2=O,
16010442,CID16010442,CCCN1CCN(CC1)CCCNC(=O)C2=CC3=C(S2)C4=C(C=CC=C4OC3)C,
16187362,CID16187362,CCOC(=O)C1(CCN(CC1)C2CCN(CC2)C(C)C)CC3=CC=CC=C3C(F)(F)F,
16190798,CID16190798,CCOC(=O)C1(CCN(CC1)C2CCN(CC2)C(=O)C)CC3=CC=CC=C3C(F)(F)F,
16750009,CID16750009,C1CC2=NC3=C(C=CC=C3Cl)C(=O)N2C1,
16750011,CID16750011,C1CC2=NC3=C(C(=CC=C3)F)C(=O)N2C1,
20877745,CID20877745,CC1CCN(CC1)CCCNC(=O)C2=CC3=C(S2)C4=C(C=CC=C4OC3)C,
20877827,CID20877827,CC1CCCN(C1)CCCNC(=O)C2=CC3=C(S2)C4=C(C=CC=C4OC3)C,
20877885,CID20877885,CC1CCN(CC1)CCCNC(=O)C2=CC3=C(S2)C4=CC=CC=C4OC3,
20877886,CID20877886,CC1CC(CN(C1)CCCNC(=O)C2=CC3=C(S2)C4=CC=CC=C4OC3)C,
20877968,CID20877968,CC1CCCN(C1)CCCNC(=O)C2=CC3=C(S2)C4=CC=CC=C4OC3,
20877970,CID20877970,CC1CCCC(N1CCCNC(=O)C2=CC3=C(S2)C4=CC=CC=C4OC3)C,
23273997,CID23273997,CC1=C2C(=CC=C1)N=C3CCCN3C2=O,
44251472,CID44251472,COC1=CC=C(C=C1)C2=CSC(=N2)N(CCCBr)C(=O)C3=CC=CC=C3Cl,
44251478,CID44251478,CC1(C2=C(C=CC(=C2)Br)N=C3N1CCC3)O,
44459949,CID44459949,CCCCN(C1=NC(=CS1)C2=CC=C(C=C2)OC)C(=O)C3=CC=CC=C3Cl,
44459950,CID44459950,CCCN(C1=NC(=CS1)C2=CC=C(C=C2)OC)C(=O)C3=CC=CC=C3Cl,
44459951,CID44459951,CC(C)N(C1=NC(=CS1)C2=CC=C(C=C2)OC)C(=O)C3=CC=CC=C3Cl,
44459952,CID44459952,C\1CN2C(=NC3=C(C2=O)C=C(C=C3)Br)/C1=C\C4=CC=CC=C4,
45100463,CID45100463,C1CC2=NC3=C(C=C(C=C3)[N+](=O)[O-])C(N2C1)O,
